{
  "benchmark": "KBWR",
  "rf": 0.0423,
  "erp": 0.0585,
  "result": {
    "beta": 0.9568229202061568,
    "alpha": 0.0001841539047686986,
    "r2": 0.8726522424252916,
    "observations": 104
  },
  "coe": 0.09827414083206018
}