{
  "benchmark": "KBWR",
  "rf": 0.04,
  "erp": 0.055,
  "result": {
    "beta": 0.9568222794688791,
    "alpha": 0.0001841558162010079,
    "r2": 0.8726522191783276,
    "observations": 104
  },
  "coe": 0.09262522537078835
}